{"18": {"LA": {"5-7": {"max_dim": 3, "1": {"cov_matrix": 324.96202560121947, "mean": 608.2942904775267}, "2": {"cov_matrix": [[106846.88094704038, 16168.893364775256], [16168.893364775256, 91062.97497713653]], "mean": [587.5818074003795, 546.9642314990513]}, "3": {"cov_matrix": [[97495.37656514678, 7515.781030232941, 19743.80798365847], [7515.781030232941, 84683.52283336801, 9313.369022682271], [19743.80798365847, 9313.369022682271, 71342.54121491725]], "mean": [533.8623836195704, 507.08383100263364, 466.99154271300864]}}, "7-9": {"max_dim": 3, "1": {"cov_matrix": 226.20022189925538, "mean": 342.8212828490316}, "2": {"cov_matrix": [[52521.15913007914, -2966.3518637408856], [-2966.3518637408856, 48444.13401384463]], "mean": [342.9768583195747, 337.04599306928895]}, "3": {"cov_matrix": [[53421.09734238623, -3315.1646962903374, 857.5418609747596], [-3315.1646962903374, 49912.95013270494, -3998.5830524970147], [857.5418609747596, -3998.5830524970147, 45526.976992605734]], "mean": [338.96819981533355, 337.25219487002926, 330.66151269972926]}}, "9-11": {"max_dim": 3, "1": {"cov_matrix": 232.02486120697503, "mean": 336.7550990841422}, "2": {"cov_matrix": [[55905.059345197085, -7711.30325398876], [-7711.30325398876, 52186.31238916437]], "mean": [334.6786856387143, 339.8402163768815]}, "3": {"cov_matrix": [[57955.35477838204, -7980.555083565263, 101.91495390282921], [-7980.555083565263, 54358.34656641033, -7903.546700126216], [101.91495390282921, -7903.546700126216, 49953.89590277653]], "mean": [329.34517900597956, 337.9508628967115, 339.9291494993319]}}, "11-13": {"max_dim": 3, "1": {"cov_matrix": 227.68063190921856, "mean": 367.9051839681785}, "2": {"cov_matrix": [[53568.40879205574, -11052.285871594544], [-11052.285871594544, 50672.08164596964]], "mean": [369.2657965259662, 370.116623189309]}, "3": {"cov_matrix": [[55301.29061317559, -11205.752832638793, -2331.130515066267], [-11205.752832638793, 52493.50093528744, -11515.741476554243], [-2331.130515066267, -11515.741476554243, 48853.705108869806]], "mean": [367.2490571846379, 371.984684060648, 372.09603632725316]}}, "13-15": {"max_dim": 3, "1": {"cov_matrix": 230.63582754199388, "mean": 368.8767741205581}, "2": {"cov_matrix": [[55582.101525440106, -10383.183531399081], [-10383.183531399081, 52297.74479911756]], "mean": [369.73056048984535, 370.58751974852856]}, "3": {"cov_matrix": [[57664.65656780088, -10486.896085406246, -4214.985747894844], [-10486.896085406246, 54895.77524678138, -10654.851242272369], [-4214.985747894844, -10654.851242272369, 51030.66235256662]], "mean": [367.37536917816516, 371.7813719918385, 371.5340296087876]}}, "15-17": {"max_dim": 3, "1": {"cov_matrix": 241.46045485868348, "mean": 362.6187471849537}, "2": {"cov_matrix": [[60508.076150492336, -11048.420038902068], [-11048.420038902068, 57966.56975142766]], "mean": [364.1156751258246, 363.7314565288353]}, "3": {"cov_matrix": [[62869.691165068645, -11298.291883054135, -2260.4159909847317], [-11298.291883054135, 60407.60552922028, -11426.25936579339], [-2260.4159909847317, -11426.25936579339, 56261.159363356084]], "mean": [362.52271308482347, 365.5418986291764, 363.72177326252597]}}, "17-19": {"max_dim": 3, "1": {"cov_matrix": 245.7523630766785, "mean": 352.22325117294685}, "2": {"cov_matrix": [[62503.33085307311, -10253.657356781478], [-10253.657356781478, 60091.4808825986]], "mean": [350.77607598218646, 355.99139061737435]}, "3": {"cov_matrix": [[64320.39072393624, -10385.790981590284, -1269.8892580875802], [-10385.790981590284, 62455.28025618806, -10293.544957547225], [-1269.8892580875802, -10293.544957547225, 58665.66125834312]], "mean": [345.76805939390283, 354.8400124168438, 358.1053534704647]}}, "19-21": {"max_dim": 3, "1": {"cov_matrix": 251.81919215317947, "mean": 440.71052908849936}, "2": {"cov_matrix": [[65459.435028782995, -3055.265242853739], [-3055.265242853739, 62070.82800417394]], "mean": [432.5712525155852, 446.01134061842424]}, "3": {"cov_matrix": [[66488.89747630157, -3641.733972857127, 3796.344001330389], [-3641.733972857127, 64391.837568943396, -3375.147328484769], [3796.344001330389, -3375.147328484769, 59947.192572408916]], "mean": [419.4532280159258, 437.2664444960706, 446.80816957597995]}}, "21-23": {"max_dim": 3, "1": {"cov_matrix": 280.5916020196088, "mean": 607.924394933273}, "2": {"cov_matrix": [[84540.23663096975, -18045.702100428083], [-18045.702100428083, 71719.22647159257]], "mean": [598.6062781269759, 623.4672518317402]}, "3": {"cov_matrix": [[88582.05337509947, -20278.337227735374, -4708.680077588383], [-20278.337227735374, 77549.67945554799, -19284.44718714626], [-4708.680077588383, -19284.44718714626, 61245.29051025905]], "mean": [577.9400140003231, 618.3040224005169, 630.3877551020408]}}}, "SA": {"5-7": {"max_dim": 3, "1": {"cov_matrix": 201.97767873414594, "mean": 636.4910576923077}, "2": {"cov_matrix": [[40995.320918080724, -60.911136964445866], [-60.911136964445866, 40832.30466804729]], "mean": [634.9616690926734, 607.8031699822093]}, "3": {"cov_matrix": [[36344.29360379592, -3570.367231037615, -1032.0940084542772], [-3570.367231037615, 38614.523318835745, -5124.69726616642], [-1032.0940084542772, -5124.69726616642, 33455.794183700025]], "mean": [606.8914389799636, 580.6688524590164, 542.7719489981785]}}, "7-9": {"max_dim": 3, "1": {"cov_matrix": 196.6691935412963, "mean": 499.4303004848994}, "2": {"cov_matrix": [[39443.32703827405, -4067.6931048788015], [-4067.6931048788015, 37506.22656599958]], "mean": [498.99437327304696, 495.4325043958804]}, "3": {"cov_matrix": [[38603.83281839686, -3907.48146689367, 1919.7347945956324], [-3907.48146689367, 38439.06884843971, -5047.528726332282], [1919.7347945956324, -5047.528726332282, 36612.91437046323]], "mean": [490.7139634723132, 493.92818161973366, 479.67197846176236]}}, "9-11": {"max_dim": 3, "1": {"cov_matrix": 197.2548443649008, "mean": 388.1365673049712}, "2": {"cov_matrix": [[40506.8986831162, -5015.507700445803], [-5015.507700445803, 38135.75741864284]], "mean": [390.4922032959424, 387.0159257720537]}, "3": {"cov_matrix": [[41841.45309354328, -4967.598747195576, -442.9777143253994], [-4967.598747195576, 39913.27921711465, -5672.262604717742], [-442.9777143253994, -5672.262604717742, 36966.61583310278]], "mean": [389.47136770773926, 389.614579489416, 382.7039149250226]}}, "11-13": {"max_dim": 3, "1": {"cov_matrix": 207.712292512827, "mean": 363.1245485916058}, "2": {"cov_matrix": [[44918.318656985255, -6054.946286904577], [-6054.946286904577, 43009.711436411446]], "mean": [364.24126998713473, 365.7400523800772]}, "3": {"cov_matrix": [[45822.69323041957, -5548.938694622322, -2583.697881123043], [-5548.938694622322, 45052.155779825924, -7084.327343240835], [-2583.697881123043, -7084.327343240835, 42097.583052696784]], "mean": [358.6567966251982, 367.47878657602706, 368.62519816213023]}}, "13-15": {"max_dim": 3, "1": {"cov_matrix": 223.08754548367355, "mean": 365.2965834746789}, "2": {"cov_matrix": [[51868.011262910775, -9398.12932842972], [-9398.12932842972, 48928.31688519012]], "mean": [366.9092767428138, 366.42676810250356]}, "3": {"cov_matrix": [[53627.24014912879, -9184.549840054762, -3216.623761767526], [-9184.549840054762, 51213.4583108088, -10240.400196075687], [-3216.623761767526, -10240.400196075687, 46853.31564272914]], "mean": [364.65147732506, 368.4438277140849, 367.8017306154107]}}, "15-17": {"max_dim": 3, "1": {"cov_matrix": 204.16889967972062, "mean": 361.42411320360634}, "2": {"cov_matrix": [[43307.93738616114, -8922.456849538918], [-8922.456849538918, 41385.205906766896]], "mean": [362.342744223357, 364.06288274539725]}, "3": {"cov_matrix": [[44496.591420846526, -8947.267061394083, -2980.6059459551075], [-8947.267061394083, 43187.19177406546, -9176.738506173715], [-2980.6059459551075, -9176.738506173715, 40381.149522208674]], "mean": [360.1064034127711, 365.4655484332075, 365.72972550421014]}}, "17-19": {"max_dim": 3, "1": {"cov_matrix": 234.51905030766164, "mean": 362.9914492890103},