{"1": {"LA": {"7-9": {"max_dim": 2, "1": {"cov_matrix": 173.03239513127463, "mean": 611.7837047435222}, "2": {"cov_matrix": [[26254.477905476186, -8180.085061609889], [-8180.085061609889, 23393.93088752494]], "mean": [558.4544930875576, 538.63133640553]}}, "9-11": {"max_dim": 2, "1": {"cov_matrix": 163.4805390682516, "mean": 499.3385123966942}, "2": {"cov_matrix": [[24565.332639448075, -9423.057194344216], [-9423.057194344216, 23612.656382238332]], "mean": [485.32926953164684, 487.3523316062176]}}, "11-13": {"max_dim": 2, "1": {"cov_matrix": 185.08019770449363, "mean": 508.24770844489245}, "2": {"cov_matrix": [[33600.1813296969, -11205.884082018343], [-11205.884082018343, 30349.806084003485]], "mean": [479.42353871593934, 519.4618592278381]}}, "13-15": {"max_dim": 2, "1": {"cov_matrix": 235.2711698995625, "mean": 523.918840841383}, "2": {"cov_matrix": [[54029.97188635898, -10337.68357252339], [-10337.68357252339, 51833.16259086078]], "mean": [480.02774597616, 531.8438952117988]}}, "15-17": {"max_dim": 2, "1": {"cov_matrix": 216.73863196286646, "mean": 498.4419194165258}, "2": {"cov_matrix": [[45272.96299135103, -10217.210561940161], [-10217.210561940161, 39301.497917856956]], "mean": [440.7885231575881, 457.88188173609086]}}, "17-19": {"max_dim": 2, "1": {"cov_matrix": 209.14086322202604, "mean": 536.324853323074}, "2": {"cov_matrix": [[39979.00894884891, -8479.102686872242], [-8479.102686872242, 32317.00006256326]], "mean": [493.9499263622975, 496.74046800850925]}}, "19-21": {"max_dim": 2, "1": {"cov_matrix": 207.60774566365208, "mean": 583.5445934734513}, "2": {"cov_matrix": [[44492.11652797414, -7544.518710049213], [-7544.518710049213, 37318.202460958695]], "mean": [544.4803082996523, 551.8041169282827]}}, "21-23": {"max_dim": 2, "1": {"cov_matrix": 233.660978063661, "mean": 744.9954373278237}, "2": {"cov_matrix": [[32949.28539104771, -15200.592370333934], [-15200.592370333934, 47132.02960048094]], "mean": [488.1775700934579, 608.4439252336449]}}}, "SA": {"7-9": {"max_dim": 0}, "9-11": {"max_dim": 0}, "11-13": {"max_dim": 0}, "13-15": {"max_dim": 0}, "15-17": {"max_dim": 0}, "17-19": {"max_dim": 0}, "19-21": {"max_dim": 0}, "21-23": {"max_dim": 0}}, "FE": {"7-9": {"max_dim": 0}, "9-11": {"max_dim": 0}, "11-13": {"max_dim": 0}, "13-15": {"max_dim": 0}, "15-17": {"max_dim": 0}, "17-19": {"max_dim": 0}, "19-21": {"max_dim": 0}, "21-23": {"max_dim": 0}}}, "44": {"LA": {"7-9": {"max_dim": 2, "1": {"cov_matrix": 135.3557685799038, "mean": 438.38809144072303}, "2": {"cov_matrix": [[15760.562385166304, -5762.55022352067], [-5762.55022352067, 14342.835013440164]], "mean": [378.7499344004198, 409.593545001312]}}, "9-11": {"max_dim": 2, "1": {"cov_matrix": 137.09305460816105, "mean": 370.8016121602948}, "2": {"cov_matrix": [[16751.4293698678, -7221.717175107321], [-7221.717175107321, 15983.040498895793]], "mean": [310.5848163574404, 373.6683074592957]}}, "11-13": {"max_dim": 2, "1": {"cov_matrix": 156.68508049403414, "mean": 336.9654527134015}, "2": {"cov_matrix": [[22698.93577788432, -10187.775865254904], [-10187.775865254904, 22080.49880144507]], "mean": [271.2069100903023, 344.48527679623083]}}, "13-15": {"max_dim": 2, "1": {"cov_matrix": 185.33021887379732, "mean": 385.9400519436284}, "2": {"cov_matrix": [[30954.407237628795, -17819.7811350825], [-17819.7811350825, 31004.74810663538]], "mean": [310.18140658013886, 397.3926954421974]}}, "15-17": {"max_dim": 2, "1": {"cov_matrix": 166.62221202902143, "mean": 355.1877295684114}, "2": {"cov_matrix": [[27225.012405605394, -13055.133279592732], [-13055.133279592732, 24952.46337825961]], "mean": [268.5379061371841, 360.01895306859205]}}, "17-19": {"max_dim": 2, "1": {"cov_matrix": 150.30470800398194, "mean": 425.4973644823323}, "2": {"cov_matrix": [[18028.297646687846, -10246.834539396581], [-10246.834539396581, 19079.180177298167]], "mean": [310.4558369363805, 408.5274861025324]}}, "19-21": {"max_dim": 2, "1": {"cov_matrix": 154.5437866513927, "mean": 465.1973297305889}, "2": {"cov_matrix": [[18094.38891985753, -6886.846410269121], [-6886.846410269121, 14111.30253616064]], "mean": [313.02310536044365, 437.7587800369686]}}, "21-23": {"max_dim": 1, "1": {"cov_matrix": 163.16939315942977, "mean": 545.2832504145937}}}, "SA": {"7-9": {"max_dim": 0}, "9-11": {"max_dim": 0}, "11-13": {"max_dim": 0}, "13-15": {"max_dim": 0}, "15-17": {"max_dim": 0}, "17-19": {"max_dim": 0}, "19-21": {"max_dim": 0}, "21-23": {"max_dim": 0}}, "FE": {"7-9": {"max_dim": 0}, "9-11": {"max_dim": 0}, "11-13": {"max_dim": 0}, "13-15": {"max_dim": 0}, "15-17": {"max_dim": 0}, "17-19": {"max_dim": 0}, "19-21": {"max_dim": 0}, "21-23": {"max_dim": 0}}}, "82": {"LA": {"7-9": {"max_dim": 3, "1": {"cov_matrix": 173.70991709164448, "mean": 359.2276817112507}, "2": {"cov_matrix": [[29186.91933656766, -3443.991908919622], [-3443.991908919622, 25793.49423526678]], "mean": [336.35902938263456, 343.99723506107625]}, "3": {"cov_matrix": [[25997.378404268067, -5883.568379455803, -1589.9045728372848], [-5883.568379455803, 24782.655202747163, -4761.462970447572], [-1589.9045728372848, -4761.462970447572, 19391.130470384862]], "mean": [287.0936220544082, 315.7847329633336, 296.6183240833409]}}, "9-11": {"max_dim": 3, "1": {"cov_matrix": 175.92236003768463, "mean": 307.60006369582794}, "2": {"cov_matrix": [[29699.97034395818, -4992.652519829346], [-4992.652519829346, 26726.44997521701]], "mean": [270.21045628192473, 298.22784049448427]}, "3": {"cov_matrix": [[25900.78993813132, -7808.3810805430685, -2023.205696018232], [-7808.3810805430685, 25148.558031930508, -3898.983538570386], [-2023.205696018232, -3898.983538570386, 22350.81460781527]], "mean": [251.9292352371733, 256.1201355275895, 255.20706679574056]}}, "11-13": {"max_dim": 3, "1": {"cov_matrix": 166.35818549475056, "mean": 327.83057836293267}, "2": {"cov_matrix": [[25918.959629135177, -9447.787901810078], [-9447.787901810078, 20962.667751155514]], "mean": [261.0280991735537, 334.02112029384756]}, "3": {"cov_matrix": [[18212.314025149306, -8961.039766891248, -2473.314059229541], [-8961.039766891248, 24707.24514380436, -7421.994350255745], [-2473.314059229541, -7421.994350255745, 14944.0063223554]], "mean": [136.82462173314994, 281.30674002751033, 316.53988995873453]}}, "13-15": {"max_dim": 3, "1": {"cov_matrix": 156.27572636706515, "mean": 349.4457382274316}, "2": {"cov_matrix": [[25762.265504784926, -8627.014436488895], [-8627.014436488895, 19704.48685666934]], "mean": [328.0583560725741, 353.82325625927524]}, "3": {"cov_matrix": [[24324.274695302338, -10697.03914108272, -1428.501462018172], [-10697.03914108272, 21581.294736836244, -7518.211676872876], [-1428.501462018172, -7518.211676872876, 16037.605689124202]], "mean": [279.94928438083383, 339.78049159925325, 336.3377411325451]}}, "15-17": {"max_dim": 3, "1": {"cov_matrix": 160.13955909156422, "mean": 320.22392139479905}, "2": {"cov_matrix": [[24751.016499165777, -7937.317860042892], [-7937.317860042892, 19192.765932347844]], "mean": [276.711901504788, 309.3763793889649]}, "3": {"cov_matrix": [[18545.78398782063, -5860.064248874014, -3235.3757018882825], [-5860.064248874014, 19064.534553666366, -5905.593769821712], [-3235.3757018882825, -5905.593769821712, 15659.249065099644]], "mean": [154.62786972770957, 281.07421249332623, 284.50026695141486]}}, "17-19": {"max_dim": 3, "1": {"cov_matrix": 134.59409353670955, "mean": 371.8027184328199}, "2": {"cov_matrix": [[17898.08329745559, -6494.755904271976], [-6494.755904271976, 14770.94059148349]], "mean": [352.45530362262184, 356.19833203023194]}, "3": {"cov_matrix": [[13262.746395838496, -4392.955308397325, -3275.0866212534065], [-4392.955308397325, 15183.168612005613, -6298.695108578978], [-3275.0866212534065, -6298.695108578978, 13413.366303360584]], "mean": [267.2234332425068, 337.9627611262489, 314.54586739327885]}}, "19-21": {"max_dim": 3, "1": {"cov_matrix": 147.69664770114701, "mean": 378.2041233351578},